tmdb_id,slug
468758,sensei-redenshon
117779,where-chimneys-are-seen
643393,3am-2015
3787,buck-rogers
560377,the-musicians-daughter
116274,hokus-pokus
525187,50-years-of-fabulous
535272,football-freaks
570746,fantasies-2017
518605,the-devils-of-loudun
31013,earth-vs-the-spider-2001
80613,eversmile-new-jersey
269709,elements-of-nothing
709006,in-the-dark-2017
24266,the-man-from-snowy-river
506471,the-earth-as-seen-from-the-moon
191886,shotgun-wedding-2013
271175,masterchef
712,four-weddings-and-a-funeral
289673,cinderella-2000-1
647006,paper-shoes
141442,the-living-coffin
245382,generals-son
110910,cruel-tricks-for-dear-friends
583900,29-merci-merci
53220,rabbit-fire
27307,how-i-got-into-college
435175,ek-se-bure-do
607776,clinton-road
430520,captain-future-the-great-race-in-the-solar-system
125188,torment-of-the-flesh
9742,werner-beinhart
253171,old-smokey
76688,beyond-the-fringe
146174,boss-1996
244610,the-den
364254,what-to-do-in-a-gas-attack
217444,almas-penadas
260202,turks-caicos
243323,the-magic-pear-tree
20414,grande-grosso-e-verdone
315865,in-the-shadow-of-women
717180,captain-future
491122,los-temibles
482034,riot-girls
74959,bark
28452,slugs
383502,riddle-room
318331,aftermath-1960
53424,sunnyside
532617,cannibal-cult
223324,macabre-pair-of-shorts
146836,shakespeare-behind-bars
310806,glass-the-perfect-american
365999,spore
364433,they-call-me-jeeg
195131,cattle-driven-to-slaughter
623058,we-still-have-to-close-our-eyes
256949,blue-bustamante
176705,vh1s-heavy-the-story-of-metal-part-one-welcome-to-my-nightmare
735522,veronica-2020
304401,johannas-traum
413348,once-upon-a-ladder
78278,special-delivery-2002
419202,raspberry-poser
170041,film:125078
212989,off-the-grid-2006
33352,aftermath-2004
27012,bone
492358,mental-madhilo
364525,kshatriya
124324,film:97573
86513,black-light
454693,the-silent-revolution-2018
567028,servant-of-mankind
363622,jesus-trilogy-and-coda
189541,be-your-age
26943,alien-seed
441609,leonard-cohen-the-live-broadcast-sessions-1985-1993
73348,where-love-has-gone
288279,die-erbschaft-1936
166311,men-are-like-that
549624,severance-1988
371845,el-hijo-del-pueblo
188360,who-flung-poo
110303,for-the-love-of-it
319647,dao
43536,jealousy
744353,iskioma
457412,holiday-in-expectation-of-a-holiday
204712,the-little-polar-bear-lars-and-the-little-tiger
441793,pyar-jhukta-nahin
488441,crime-over-london
419541,terra-di-transito
445710,children-of-the-corn-runaway
204021,mother-gooses-birthday-party
385017,from-seoul-to-varanasi
30893,deviation
148778,mc5-kick-out-the-jams
732321,destination-unknown-1
3417,frankenstein-a-love-story
299024,sharing-the-secret
638892,acuna
144462,rip-van-winkle
100467,the-hand-that-feeds-the-dead
472290,elijahs-ashes
192285,the-star-of-bethlehem-1912
400810,born-with-it
357503,man-of-iron-1935
183383,jenny-jenny
48897,rocky-mountain
352002,to-my-beloved
183110,the-swan-song
110260,samson-and-the-slave-queen
208505,the-dark-planet
581102,that-kinda-night
34319,how-weed-won-the-west
212530,the-great-king
32081,the-pope-of-greenwich-village
358808,tharlo
702111,whats-the-next-job
1465777,small-island
190081,tusalava
394009,43-the-richard-petty-story
1286395,panic-in-needle-park
140552,freek-de-jonge-de-ontlading
663589,sos-the-salton-sea-walk
11568,blues-brothers-2000
115805,movie-maniacs
52661,99-and-44-100-dead
1505982,zabou
318065,the-second-life-of-thieves
66986,how-to-swim
367422,singularity-2015
454624,integral-man
334086,gulp-2011
375126,in-the-net
65839,it-doesnt-hurt-me
642457,reception-de-sm-lempereur-guillaume-ii-reception-de-sm-lempereur-dallemagne-a-francfort-sur-le-main
562462,songs-to-have-sex-to
315282,time-to-remember
196197,preston-north-end-v-aston-villa
289278,my-so-called-father
266701,father-1990
49970,junkyard-dog
376084,projekt-a-a-journey-to-anarchist-projects-in-europe
382256,locked-out-2015
59117,torrente-4-lethal-crisis
27467,blood-scarab
224645,streets-of-death
94551,the-christine-jorgensen-story
380430,webbs
535610,wretch
25603,russell-howard-live-dingledodies
188466,young-buckethead-vol-1
300847,momo-the-sam-giancaca-story
206222,riddles-of-the-sphinx-1977
243672,pink-punch
29415,la-bete-humaine
607013,self-portrait-2006
341351,as-duas-faces-da-moeda
250868,the-secret-adversary
479676,static-stephen
516701,what-if-wendy
578712,crude-oil-2019
8923,green-street-hooligans
31324,rage-in-heaven
362312,the-everyday-ritual-of-solitude-hatching-monkeys
485429,cuando-los-duendes-cazan-perdices
549773,wolf-2019
209320,the-land-of-cards
721516,the-half-hitching-post
420644,europe-raiders
257600,conspiracy-the-trial-of-the-chicago-8
381040,my-blind-brother
215680,a-mal-gam-a
636291,baseball-girl
214556,shultes
409025,gundala-the-son-of-lightning
488858,the-dancing-princesses-1987
13763,purple-rain
91144,intimate-stranger
200695,hochwurden-wird-papa
73059,kozara
549859,the-dead-center
370920,el-mishakhasaty
440957,it-lives-in-the-attic
8428,pump-up-the-volume
25426,coronado
451501,heres-to-life-the-story-of-the-refreshments
126830,lil-spider-girl
597367,vibration-1984
306,beverly-hills-cop-iii
164377,outpost-rise-of-the-spetsnaz
34806,the-back-up-plan
114133,prisoner
83192,yakuza-weapon
73377,grandmas-bread
260153,zeit-der-storche
330913,nieuw
67003,the-kid-with-a-tattoo
54927,the-feast-of-the-chicken
81330,desperately-seeking-santa
557308,arrowed
62330,the-spook-who-sat-by-the-door
848613,new-york-counterpoint
45146,suckerpunch
601452,dark-sense
85842,coffee-samurai
316351,el-anzuelo
650332,straight-faces
587016,kantata-takwa
612194,the-tree-remembers
681420,all-the-light-we-can-see
410894,fake-emperor
296556,bonobo-the-north-borders-tour-live
106717,the-last-will-and-testament-of-rosalind-leigh
382651,helix
61501,between-midnight-and-dawn
406952,hows-your-prostrate
742391,final-set
84947,thunderground
196127,the-clockmakers-dream
343921,a-deadly-adoption
58522,boris-il-film
206980,a-trip-on-the-metropolitan-railway
91060,johnny-yuma
196980,white-king-red-queen
314498,panto-2014
30381,won-ton-baby
48205,the-marquise-of-o
92699,the-miniver-story
40637,the-wildcats-of-st-trinians
449797,ephemeris
430450,sollers-point
461438,can-we-still-be-friends
157700,soliloquy
265188,the-young-seducers-2
235030,greedy-for-tweety
353832,raton-en-ferreteria
20309,say-it-isnt-so
177950,parliament-funkadelic-one-nation-under-a-groove
397619,attenboroughs-life-that-glows
32535,lily-and-jim
714207,to-the-dusty-sea
318852,sons-of-ben
736534,every-days-like-this
147610,the-corbett-fitzsimmons-fight
123292,the-famous-ferguson-case
133753,tenacious-d-the-complete-masterworks-2
303487,phoenix-the-raider
302570,mr-hayashi
423393,the-touch-retouched
614594,mensaje-interrumpido
359859,dave-1990
117197,intensive-care
56723,omega-cop
614331,hipolito-y-evita
154658,tony-vs-paul
200063,sunset-strip-2012
318069,pride-fc-hardcore-knockouts-vol-1
425278,the-otherworld-2016
72390,resturlaub
132133,man-on-the-tracks
131325,felix
79284,le-portrait-de-dorian-gray
100052,miracles-of-thursday
583609,heart-2-heart
653707,happy-happy-joy-joy-the-ren-stimpy-story
695417,the-golden-buttons
517522,europe-after-the-rain
45384,ashura
419293,australien-skies
247749,apple-in-the-river
269358,mad-sad-bad-2014
12148,der-sandmann-1
61128,shadows-in-the-palace
507729,marlon-wayans-woke-ish
215954,fat
9583,divine-secrets-of-the-ya-ya-sisterhood
418742,3-islands
326947,the-maid-2014
346135,land-2013
423156,sidekick-2016
171665,the-enemy-lines
232310,the-invisible-men-1906
193979,elevage-danimaux-de-menagerie
97335,bullet-1976
31049,lupin-the-third-farewell-to-nostradamus
29050,slaughter-studios
372789,her-composition
79269,night-train-to-murder
499542,area-88-act-ii-the-requirements-of-wolves
41511,dhan-dhana-dhan-goal
716722,si-honraras-a-tu-coca-madre
17172,sos-swedes-at-sea
634165,catcall
18016,a-sisters-secret
425795,note-one
20870,afonya
476532,legacy-of-thorn
49172,public-enemies
336498,tope
161555,the-boob-tube
230938,bonnie-clyde-justified
245844,blind-2014
56448,stalin
8961,bad-boys-ii
47026,mandy
1374943,harry-hills-tv-burp-gold-2
768902,business-plan-for-peace
386708,adria-holiday-films-1954-68-the-school-of-seeing-i
274986,a-silent-day
236423,a-reckoning
419206,suffering-of-ninko
172396,the-collectors
446037,lola-pater
184643,the-chinese-nightingale
267891,cisne
21751,spoon
1118168,selfish
426547,alike
326550,doll-factory
542570,my-husbands-secret-wife
19053,valley-girl
216215,the-united-states-of-football
558585,the-mules
66131,a-constant-forge
448337,who-killed-cock-robin-2017
640163,ill-walk-with-god
472822,diana-7-days
159160,when-i-walk
495332,pelican-blood-2019
216143,oshaughnessys-boy
33226,rembrandts-jaccuse
687297,the-devil-baby-was-born-in-sao-paulo
328241,the-cartographer
74391,the-case-of-the-baby-sitter
492631,the-manual
519989,before-need-redressed
602624,home-videos-2019
93717,willie-nelson-friends-outlaws-and-angels
352617,grand-zero
27191,the-greatest-show-on-earth
381069,little-sister-2016
391490,my-mothers-garden-2007
279148,labyrinthus
3114,the-searchers
253255,fort-tilden
136190,in-the-shadow
355633,pre-evolution-soccers-one-minute-dance-after-a-golden-goal-in-the-master-league
115036,the-bead-game
37821,killers-2010
701362,fun-home-2020
115830,the-baron-against-the-demons
50247,early-summer
613979,john-mcgahern-a-private-world
6935,yamakasi
397242,dont-worry-baby
360505,a-private-happiness
318683,harold-and-the-purple-crayon-let-your-imagination-soar
10961,behind-the-mask-the-rise-of-leslie-vernon
194188,punks-dead-slc-punk-2
615579,green-light-2016
579885,trinity-sunday
482331,trust-me-baby
268408,doli-goes-home
666107,the-great-malaise
371002,la-muerte-en-la-alcarria
134018,house-of-the-sleeping-beauties
249709,the-missing-scarf
254852,tokyo-fukushima
528186,conjectures
257688,no-minor-vices
268339,e-de-chua
221643,the-extra-day
252607,junior-2014
183176,lord-montagu
191714,the-lunchbox
606379,cleansed-ii
41856,so-goes-the-nation
60478,the-fight-for-the-red-cow
528880,911-serras-morning
617924,roger-waters-us-them
159255,hands-of-a-gunfighter
225439,almost
73312,toh-baat-pakki
663895,2000-1
34649,serj-tankian-elect-the-dead-symphony
103753,in-another-country
104680,spiritual-love
22908,a-room-for-romeo-brass
556530,following-habeck
5601,shock-treatment-1973
264341,the-threepenny-opera-1963
660717,enfant-terrible
232871,nearly-a-happy-ending
392677,sawin
303740,black-panther-bitch-m
165581,38-special-live-at-sturgis
357079,mining-review-16th-year-no5
612860,the-dawn-of-ape
589049,the-photograph-2020
191442,kirsa-nicholina
629833,judging-ladies-saddle-horses
82505,house-at-the-end-of-the-street
320614,the-nightman-cometh
172630,tape-crackers-an-oral-history-of-jungle-pirate-radio
195109,hotel-del-monte
457884,choose-cheese
221104,adventure-island
123069,swedish-wildcats
318953,despues-de-parte-2-atado-y-bien-atado
34784,grim-reaper
114816,firefly-dreams-2001
11399,look-at-me
42499,the-night-evelyn-came-out-of-the-grave
464883,metro-movietone-revue-1
134242,trap-1970
350556,broomshakalaka
424807,the-choice-2016-2016
249538,brasilia-18
140044,what-farocki-taught
22194,possessed-1999
215500,scrooge-mcduck-and-money
386693,the-young-bride
64248,child-of-glass
254510,rambling-round-radio-row-1-1932
255578,we-make-music
436450,addicted-to-porn-chasing-the-cardboard-butterfly
590497,2-fingers-honey
67236,tiresia
372168,white-people-1970
252254,deconstructing-sarah
380323,don-juan-2015
125582,down-in-the-delta
23947,nasty-old-people
530392,guaxuma
53633,swing-your-partners
605416,forward-back-side-forward-again
342580,pantera-reinventing-hell-the-best-of-pantera
194405,secret-tibet
34653,a-single-man
239328,welcome-home-1995
580037,midnight-orange
120741,the-salivation-army
207918,bruce-les-greatest-revenge
34582,junk-mail
116424,three-hams-on-rye
133907,teenage-monster
580239,the-little-country-mouse
136185,the-waiters
22612,the-lucky-texan
502128,chi-town
146840,long-road-to-gallantry
586809,emily-heller-ice-thickeners
64515,love-stories-only-last-90-minutes
122434,white-ecstasy
675993,los-amigos-maravilla
70846,love-pop
257454,give-us-the-moon
149658,cymru-fach
282502,dancing-arabs
147448,el-vizconde-de-montecristo
174762,passion-flower
278642,wvlnt
121652,cheap-smokes
268852,parers-war
128087,where-the-boys-are-2009
474428,barbel-and-charly
216997,exodus-live-at-bloodstock-2013
244743,contact-1992-1
422076,home-movie-1986
270774,skiptrace
101582,three-brothers-1944
330381,lily-lane
411851,doctor-who-survival
118624,doomsday-book
31582,flawless
532466,green-dream
333623,love-live-the-school-idol-movie
140894,tricked-2012
599960,french-exit-2020
401524,free-range
375861,the-power-of-glove
444639,sync
363019,eight-kilos-of-happiness
689503,long-time-listener-first-time-caller
275690,alma-de-acero
415005,stalins-couch
1474748,return-to-nature-the-true-natural-method-of-healing-and-living-and-the-true-salvation-of-the-soul-paradise
47798,the-new-tenants
473188,scrap-mattila-and-the-beautiful-woman
346638,before-words-2013
630016,out-of-liberty
394908,nine-inch-nails-2013-rock-n-heim
194618,negres-ashantis-danse-du-sabre-ii
575776,saint-maud
395827,the-sirens
270745,the-black-diamond
20110,ashes-and-snow
543086,the-truth-about-killer-robots
391318,salut-et-fraternite-les-images-selon-rene-vautier
168613,they-meet-again
311181,a-novel-romance-2015
1435,tarnation
49712,man-on-fire-1987
29354,reflections-in-black
374673,electric-anomalies
228307,empty-spaces
35908,evil-angel
160235,emmene-moi
458987,becks
64862,westward-ho-the-wagons
32728,before-stonewall
117252,swing-hostess
93387,shanghai-grand
757051,the-one-you-feed
69777,an-angel-for-satan
355389,this-changes-everything
135,dont-look-back-1967
417043,elephants-shooting-the-chutes-at-luna-park
556992,the-unknown-singer
220511,jungle-moon-men
355597,hong-kong-rhapsody
432985,gintama
314260,wise-guys-prefer-brunettes
239444,lart-daimer
80444,praca-saens-pena
381353,rosalie-blum
100539,the-weather-outside
194514,inning-by-inning-a-portrait-of-a-coach
37922,unconditional-love
259205,the-house-in-the-woods-1971
667971,number-on-end
491548,germs
20604,metal-a-headbangers-journey
109900,small-town-girl
347677,persecucion-hasta-valencia
58731,legends-of-flight
394341,we-the-people-the-market-basket-effect
334998,word-movie
149216,mothers-milk
484415,hotel-inferno-2-the-cathedral-of-pain
340325,the-last-mango-before-the-monsoon
195901,preparation-of-the-cork-exhibition-grounds-and-erection-of-buildings
54518,justin-bieber-never-say-never
566854,taylor-and-me
316468,fuddy-duddy-buddy
450005,city-of-joy-2016
638910,the-she-wolf
130356,the-luckiest-guy-in-the-world
462928,little-potato
610082,by-the-balls
459108,que-padre-tan-padre
30123,striking-range
39684,alanis-morissette-mtv-unplugged
23513,my-words-my-lies-my-love
718292,the-bankrupt
525539,carteles-unidos
234382,assault-and-peppered
41396,predator-island
152836,night-in-new-orleans
62676,limbo-1999
108055,hallelujah-im-a-bum
91605,future-shock
147535,fatal-2012
392818,the-transfiguration
430617,love-and-other-stunts
1372,blood-diamond
255401,from-a-roman-balcony
198835,codine
159095,in-fear
219486,the-new-deal-show
294302,delivery-2014
60084,floating-lives
554125,everything-you-know-about-me
4541,emil-and-the-detectives-1935
242245,easter-casket
146398,biquefarre
453251,dancing-with-the-devil-1991
156173,little-lion
460167,michael-lost-and-found
324151,love-and-death-at-fuji-speedway
144238,blackboard-jumble
306483,man-and-boy-2010
197569,sex-life-in-la
250350,sexy-money
47745,southside-1-1000
92507,never-ending-story
289561,were-no-animals
364276,when-you-hear-the-bells
549707,time-cube
45433,direct-hit
421090,second-winter
442353,the-time-of-their-lives-2017
372162,somnambulicy
453866,native-women-coaling-a-ship-and-scrambling-for-money-west-indies
425410,manche-hatten-krokodile
237138,ill-be-skiing-ya
44397,jasper-journey-to-the-end-of-the-world
621451,lightning-in-a-bottle-2019
649058,memories-of-a-teenager
413938,quo-vadis-zivorad
52627,knights
45691,the-adventures-of-picasso
10473,dragonheart-a-new-beginning
36225,oxen-split-torturing
739886,la-mesa-servida
121200,the-whole-shootin-match
442887,the-marx-brothers-hollywoods-kings-of-chaos
81969,puss-in-boots-a-furry-tail
31664,mexican-hayride
291775,the-solitudes
761609,up-we-soar
162458,mods
130340,they-ran-for-their-lives
364818,in-search-of-kundun-with-martin-scorsese
90079,dirty-oneil
1685,beneath-the-planet-of-the-apes
83059,disfigured
52847,the-toast-of-new-orleans
467894,black-doll
154929,greasy-lake
513038,o-chale-e-uma-ilha-batida-de-vento-e-chuva
21429,alan-carr-tooth-fairy-live
402921,angelica-2016
240274,mudjackin
457497,lahoriye
320851,the-lonely
354494,aus-der-ferne-the-memo-book
218419,bad-destiny
67398,the-dallas-connection
41088,the-tiger-blade
383486,happy-birthday-gemini
740664,prince-live-at-paisley-park-december-31-1987
67460,we-can-be-heroes-finding-the-australian-of-the-year
87224,wags-to-riches
499937,apollo-2016
275631,broken-trail
266177,the-last-holidays-1975
162592,the-lumiere-brothers-first-films
16783,national-lampoon-presents-electric-apricot-quest-for-festeroo
483696,soap-opera-1964
38557,the-river-1984
424514,she-va
153186,sanitarium
284370,the-man-with-white-gloves
238010,friend-the-great-legacy
534268,dracula-live-from-transylvania
270890,the-abusers-of-virgin-girls
172824,loves-her-gun
432507,claires-camera
21554,sparkle
231147,belfast-queens-bridge
593564,beyond-the-blue-horizon-1944
442480,keep-em-slugging
116105,rhythm-and-weep
154137,golf-punks
301491,the-hurdy-gurdy
575174,face-swap
154524,the-happy-ghost
24054,the-worst-witch
14125,captivity
391122,thumbs-up-1943
450190,the-story-of-frenzy
92834,vizontele-tuuba
39939,super-troopers
511290,my-daughter-was-stolen
334682,a-ballerinas-tale
266691,murder-commited-in-a-sly-and-cruel-manner-and-from-low-motives
82450,hamilton-in-the-interest-of-the-nation
635075,tipped
517656,gabriel-2018-1
370529,mark-rappaport-the-tv-spin-off
205816,rabbitland
388821,study-no-5
261098,the-kid-brother-1987
138353,down-the-drain-1990
199818,mystery-road
226909,motorhead-the-guts-and-the-glory-the-motorhead-story
474002,bernard-and-huey
490670,taxi-meter
118075,going-all-the-way
119365,hell-hole
421380,pedro-noula
207300,caribbean
319223,nuklear-zombies
108132,house-of-the-black-death
46943,the-point-men
145383,day-after-tomorrow
647895,recife-assombrado
614597,5-03
533514,violet-evergarden
102740,drango
449468,fieras-contra-fieras
476418,of-sheep-and-men
176650,the-sandwich-man-1983
54424,majority
72914,fat-sick-nearly-dead
162637,steve-martin-live
394689,garfunkel-and-oates-trying-to-be-special
92937,puzzle-of-a-downfall-child
470932,i-love-you-daddy
699047,the-exhibition-shaded-into-a-vast-amusement-park
141735,the-treasure-of-abbot-thomas
574437,the-awakening-of-the-ants
146198,triple-9
264637,una-isla-para-miguel
280313,ayitham
317117,the-greatest-show-on-earth-the-story-of-the-1974-giro-ditalia
125040,knock-knock-2
299496,dracula-bites-the-big-apple
294543,pelican-dreams
659290,the-ties
37005,all-souls-day-dia-de-los-muertos
175431,be-reasonable
419207,drone-2015
259572,the-death-of-ocean-view-park
193125,fanny-annie-danny
591630,storge
706072,foryannfromrose-hair-removed
194319,bliss-2006
561550,pastoral-drama
15018,thriller-a-cruel-picture
289129,the-pleasure
506986,survive-the-hollow-shoals
69111,donalds-better-self
437889,doobious-sources
212291,a-woman-of-experience
46453,non-stop-trouble-with-spies
108762,home-sweet-home-2011
111699,space-thunder-kids
166234,jhooth-bole-kauwa-kaate
206508,a-tv-dante
200571,seijuu-sentai-gingaman-vs-megaranger
287288,brandstifter
20848,the-white-sun-of-the-desert
561958,day-is-done-2006
150041,brasserie-romance
229580,crazy-sexy-cool-the-tlc-story
22319,trouble-the-water
18529,crips-and-bloods-made-in-america
92605,daughter
438449,the-work
766184,cardinal
1038842,lazarus
353933,personal-problems-1979
199951,quentin-tarantino-20-years-of-filmmaking
37562,street-law
272802,fell-2014
388041,double-trouble-2016
495793,the-world-cup-in-recife
385793,memories-of-war
563635,halloween-mind-massacre
90556,five-superfighters
31992,freeway-killer
343853,rosa-1992
425058,ella-brennan-commanding-the-table
337050,artun
298509,lo-que-le-paso-a-sanson
47356,omicron
347829,savage-2015
264493,virginity
358954,nine-months-1976
282052,follow-me-1969
215715,life-is-cheap-but-toilet-paper-is-expensive
465277,12-points
395505,a-mao-do-homem
321245,ethan
178437,frank-skinner-live-at-the-london-palladium
423377,sugar-mountain
58868,sabata-the-killer
644254,the-sacred-peacock-flies-above-jupiter
59704,where-angels-fear-to-tread
338636,visit-or-memories-and-confessions
344242,phish-3d
24175,gostanza-da-libbiano
552912,his-foothill-folly
336386,the-planet-of-the-orchids
189849,topsy-and-eva
666087,leaf-2020
161632,ride-him-bosko
178449,riptide
357085,down-at-the-local
134618,british-agent
146495,kyss-henne
144498,to-find-a-man
179002,grand-jury
541487,maharshi-2019
130938,trepanator
49824,life-kills-me
262837,victims-1982-1
633229,gestures-1974
272321,lea-and-darija
55557,early-to-bed-1941
8049,the-grocers-son
408385,san-simon-de-los-magueyes
318982,the-source-one-day-in-a-roma-settlement-in-romania
247720,ghosts-of-ole-miss
176277,particles-of-truth
235851,tom-tom-tomcat
353093,sisters-of-the-plague
271358,lucrezia-borgia
14326,nights-in-rodanthe
191638,les-metamorphoses-comiques
241918,carabosse
277416,the-adventure-of-faustus-bidgood
577685,sure-did-talk-to-you-a-conversation-with-walter-coblenz-jared-hellman-and-michael-laughlin
289960,blondies-new-york-and-the-making-of-parallel-lines
357730,haiku
27137,sybil-2007
377675,the-mills-of-the-gods-viet-nam
225898,exit-to-hell
96311,the-disciple
135461,last-kind-words
716389,la-mujer-perfecta-2010
490674,naankhor-haye-bisavadi
585672,locked-in-the-tower-the-men-behind-jane-eyre
293690,woman-taxi-woman
325773,the-red-bike
571138,to-be-a-film-favorite
46759,silent-scream-1990
281833,sangamam
150816,chips
529202,bucket-list
470111,cacaya
595898,mtv-reloaded
220633,kuku-mina-jaan-ellu
735511,tandem-2019
599491,satina-wants-a-glass-of-water
440845,queens-of-the-stone-age-live-at-lowlands-2014
128285,valentin-de-las-sierras
49010,hobo-with-a-shotgun
208433,frogtown
29080,heights
411030,water-and-sugar-carlo-di-palma-the-colours-of-life
446113,notes-for-a-film-about-donna-gail
450355,woman-and-the-glacier
76240,hammer-the-studio-that-dripped-blood
162827,the-little-gangster
410935,raising-bertie
690348,unemployed-clown-at-home
348339,big-black-pig-pile
566397,the-man-standing-next
395500,akashvani
648219,queen-pin-ii-the-restoration
542934,melt-down
379076,pink-on-the-cob
333395,abdullah-2014
433332,spinners-2008
736076,voicemail
99765,scratches-in-the-table
619925,comrade-drakulich
463708,billy-mandy-wrath-of-the-spider-queen
295517,sunset-strip-1993
641419,mountaintop
237188,handkerchief-drill
227077,the-undesirable
1622368,the-lxd-rise-of-the-drifts
335592,atami-blues
257979,common-chord
59143,mikey-and-nicky
459869,a-time-to-remember-1987
706817,the-amphibian-love
144013,lowlife
499888,el-padre-morelos
225228,tempest-1958
236576,contrathemis
516082,dead-squad-temple-of-the-undead
62925,santo-and-blue-demon-against-the-monsters
114299,sex-and-consequences
153266,happy-new-york
346409,the-gold-mine
326041,auld-lang-syne
210760,of-cooks-and-kung-fu
247158,into-the-woods-2011
127626,hollow
315339,femrat
278700,enter-hamlet
42105,spring-symphony
383623,beck-01-the-decoy-boy
679589,dos-judiciales-en-aprietos
620565,kapal-goyang-kapten
234286,sugar-and-spies
261651,moonshine-2013
49954,orson-welles-the-one-man-band
546021,genesis-nirvana
39397,circle-of-pain
341851,young-love-2009
357734,seasons-project
400569,film-essay-on-the-euphrates-dam
429353,highway-mania
394091,chicago-1997
127498,raaz-3
204604,lillian-russell
295467,enamorandome-de-abril
441390,the-headless-appearance
43410,yuva
356914,cast-party
1339697,freelancer-2017
267940,paradise-lost-live-death
678119,noche-de-carnaval
355366,slaughter-island
410597,candy-2011
357938,the-neglected-land
406837,papua-in-love-the-movie
5857,i-know-who-killed-me
210181,the-lounge-bar
6147,can-i-be-your-bratwurst-please
389107,deadweight
243640,land-beyond-the-law
632570,dont-drink-the-milk
502298,liberated-the-new-sexual-revolution
256971,jaatishwar
450270,jenny7-11
502122,first-match
640283,warner-bros-75th-anniversary-no-guts-no-glory
78535,our-happy-lives
288984,days-of-hell
64623,vendetta-1993
410718,the-flood-2017
65697,bap-viel-passiert
53767,kaagaz-ke-phool
33271,sabrina-goes-to-rome
30422,the-killer-is-one-of-thirteen
623017,bloodsuckers-planet
41923,outrageous
593569,dance-revels
77027,david-attenboroughs-ant-mountain
68163,the-hidden-ii
504589,alice-t
505940,happy-birthday-2019
68508,plutos-quin-puplets
751959,inflatio
170422,the-marauders-1955
430893,seeing-el-salvador
8008,mouth-to-mouth
53596,even-the-rain
24133,one-eyed-monster
557862,cosmic-whistleblowers
284682,jinxy-jenkins-lucky-lou
512082,the-year-i-lost-my-mind
89659,criminally-insane
453345,to-love-and-die-in-seville
901908,the-one-game
621298,dung-aw
73102,romantic-blue
66010,un-air-si-pur
210979,transit-2013
563003,eleven-2018
267458,3-am-2014
162862,peg-o-my-heart
182067,the-spy-who-loved-flowers
25773,the-chosen
480948,american-gothic-2017
607283,itsofomo
448963,locomotion-1981
5035,the-wanderer
475136,beyonds-diary
332972,sletvrees
46941,love-and-pain-and-the-whole-damn-thing
39526,monkeys-go-home
249682,concrete-clouds
194739,o-marginal
537361,lesson-unlearned-14-41
51777,alice-gets-in-dutch
